Producto|Complementos
BECN-001|BECN-CPZ1,BECN-CPZ2,BECN-CPZ3,BECN-CPZ4,BECN-CPZ5,BECN-CPZ6,BECN-CPZ7,BECN-CPZ8,BECN-CPZ9,BECN-CPZ10,BECN-CPZ11,BECN-CPZ12,BECN-CPZ13,BECN-CPZ14,BECN-CPZ15,BECN-CPZ16,BECN-CPZ17,BECN-CPZ18,BECN-CPZ19,BECN-CPZ20,BECN-CPZ21,BECN-CPZ22,BECN-CPZ23,BECN-CPZ24,BECN-CPZ25,BECN-CPZ26,BECN-CPZ27,BECN-CPZ28,BECN-CPZ30,BECN-CPZ31,BECN-CPZ32,BECN-CPZ33
BECN-004|BECN-CPZ1,BECN-CPZ2,BECN-CPZ3,BECN-CPZ4,BECN-CPZ5,BECN-CPZ6,BECN-CPZ7,BECN-CPZ8,BECN-CPZ9,BECN-CPZ10,BECN-CPZ11,BECN-CPZ12,BECN-CPZ13,BECN-CPZ14,BECN-CPZ15,BECN-CPZ16,BECN-CPZ17,BECN-CPZ18,BECN-CPZ19,BECN-CPZ20,BECN-CPZ21,BECN-CPZ22,BECN-CPZ23,BECN-CPZ24,BECN-CPZ25,BECN-CPZ26,BECN-CPZ27,BECN-CPZ28,BECN-CPZ30,BECN-CPZ31,BECN-CPZ32,BECN-CPZ33
BECN-005|BECN-CPZ1,BECN-CPZ2,BECN-CPZ3,BECN-CPZ4,BECN-CPZ5,BECN-CPZ6,BECN-CPZ7,BECN-CPZ8,BECN-CPZ9,BECN-CPZ10,BECN-CPZ11,BECN-CPZ12,BECN-CPZ13,BECN-CPZ14,BECN-CPZ15,BECN-CPZ16,BECN-CPZ17,BECN-CPZ18,BECN-CPZ19,BECN-CPZ20,BECN-CPZ21,BECN-CPZ22,BECN-CPZ23,BECN-CPZ24,BECN-CPZ25,BECN-CPZ26,BECN-CPZ27,BECN-CPZ28,BECN-CPZ30,BECN-CPZ31,BECN-CPZ32,BECN-CPZ33
BECN-002|BECN-CPZ33,BECN-CZM1,BECN-CZM2,BECN-CZM3,BECN-CZM4,BECN-CZM6,BECN-CZM7,BECN-ZM8,BECN-CZM9,BECN-CZM10,BECN-CZM11,BECN-CZM12,BECN-CZM13,BECN-CZM14,BECN-CZM15,BECN-CZM16,BECN-CZM17,BECN-CZM18,BECN-CZM19,,BECN-CZM20,BECN-CZM21,BECN-CZM22BECN-CZM23
BECN-003|BECN-CPZ33,BECN-CZM1,BECN-CZM2,BECN-CZM3,BECN-CZM4,BECN-CZM6,BECN-CZM7,BECN-ZM8,BECN-CZM9,BECN-CZM10,BECN-CZM11,BECN-CZM12,BECN-CZM13,BECN-CZM14,BECN-CZM15,BECN-CZM16,BECN-CZM17,BECN-CZM18,BECN-CZM19,,BECN-CZM20,BECN-CZM21,BECN-CZM22BECN-CZM23
CMAR-010|COMP-001,COMP-002,COMP-003,COMP-004
CMAR-012|COMP-001,COMP-002,COMP-003,COMP-004
CMAR-013|COMP-001,COMP-002,COMP-003,COMP-004
CMAR-014|COMP-001,COMP-002,COMP-003,COMP-004
CMAR-016|COMP-001,COMP-002,COMP-003,COMP-004
CMAR-018|COMP-001,COMP-002,COMP-003,COMP-004
CMAR-019|COMP-001,COMP-002,COMP-003,COMP-004
CMAR-020|COMP-001,COMP-002,COMP-003,COMP-004
CMAR-021|COMP-001,COMP-002,COMP-003,COMP-004
CMAR-022|COMP-001,COMP-002,COMP-003,COMP-004
CNCH-006|MOEL-123
PMEZ-001|PMEZ-C01,PMEZ-C03
PMEZ-002|PMEZ-C02,PMEZ-C03
MEXC-001|COMP-171
MEXC-002|COMP-171
MEXC-003|COMP-171
PLGN-020|PLGN-C01,COMP-005
PLGN-018|PLGN-C01,COMP-005
PLGN-019|PLGN-C01,COMP-005
PLGN-011|PLGN-C01,COMP-005
PLGN-012|PLGN-C01,COMP-005
PLGN-013|PLGN-C01,COMP-005
PLGN-015|PLGN-C01,COMP-005
PLGN-016|PLGN-C01,COMP-005
PLGN-017|PLGN-C01,COMP-005
PLGN-014|PLGN-C01,COMP-005
PLGN-021|PLGN-C01,COMP-005
PLGN-025|PLGN-C01,COMP-005
PLGN-024|PLGN-C01,COMP-005
PLGN-026|PLGN-C01,COMP-005
TRIL-001|COMP-005
TRIL-002|COMP-005
TRIL-003|COMP-005
TRIL-004|COMP-005
TRIL-005|COMP-005
TRIL-006|COMP-005
TRIL-007|COMP-005
TRIL-008|COMP-005
TRIL-009|COMP-005
TRIL-010|COMP-005
PRHD-001|PRHD-C01,PRHD-C02,PRHD-C03,PRHD-C04,PRHD-C05,PRHD-C06,PRHD-C07,PRHD-C08,PRHD-C09,PRHD-C10,PRHD-C11,COMP-168,COM-169
PRHD-003|PRHD-C01,PRHD-C02,PRHD-C03,PRHD-C04,PRHD-C05,PRHD-C06,PRHD-C07,PRHD-C08,PRHD-C09,PRHD-C10,PRHD-C11,COMP-168,COM-169
PRHD-004|PRHD-C01,PRHD-C02,PRHD-C03,PRHD-C04,PRHD-C05,PRHD-C06,PRHD-C07,PRHD-C08,PRHD-C09,PRHD-C10,PRHD-C11,COMP-168,COM-169
PRHD-005|PRHD-C01,PRHD-C02,PRHD-C03,PRHD-C04,PRHD-C05,PRHD-C06,PRHD-C07,PRHD-C08,PRHD-C09,PRHD-C10,PRHD-C11,COMP-168,COM-169
PRHD-006|PRHD-C01,PRHD-C02,PRHD-C03,PRHD-C04,PRHD-C05,PRHD-C06,PRHD-C07,PRHD-C08,PRHD-C09,PRHD-C10,PRHD-C11,COMP-168,COM-169
PRHD-007|PRHD-C01,PRHD-C02,PRHD-C03,PRHD-C04,PRHD-C05,PRHD-C06,PRHD-C07,PRHD-C08,PRHD-C09,PRHD-C10,PRHD-C11,COMP-168,COM-169
PRHD-008|PRHD-C01,PRHD-C02,PRHD-C03,PRHD-C04,PRHD-C05,PRHD-C06,PRHD-C07,PRHD-C08,PRHD-C09,PRHD-C10,PRHD-C11,COMP-168,COM-169
PRHD-010|PRHD-C01,PRHD-C02,PRHD-C03,PRHD-C04,PRHD-C05,PRHD-C06,PRHD-C07,PRHD-C08,PRHD-C09,PRHD-C10,PRHD-C11,COMP-168,COM-169
PRHD-011|PRHD-C01,PRHD-C02,PRHD-C03,PRHD-C04,PRHD-C05,PRHD-C06,PRHD-C07,PRHD-C08,PRHD-C09,PRHD-C10,PRHD-C11,COMP-168,COM-169
PRHD-013|PRHD-C01,PRHD-C02,PRHD-C03,PRHD-C04,PRHD-C05,PRHD-C06,PRHD-C07,PRHD-C08,PRHD-C09,PRHD-C10,PRHD-C11,COMP-168,COM-169
PRHD-014|PRHD-C01,PRHD-C02,PRHD-C03,PRHD-C04,PRHD-C05,PRHD-C06,PRHD-C07,PRHD-C08,PRHD-C09,PRHD-C10,PRHD-C11,COMP-168,COM-169
PRHD-015|PRHD-C01,PRHD-C02,PRHD-C03,PRHD-C04,PRHD-C05,PRHD-C06,PRHD-C07,PRHD-C08,PRHD-C09,PRHD-C10,PRHD-C11,COMP-168,COM-169
PRHD-016|PRHD-C01,PRHD-C02,PRHD-C03,PRHD-C04,PRHD-C05,PRHD-C06,PRHD-C07,PRHD-C08,PRHD-C09,PRHD-C10,PRHD-C11,COMP-168,COM-169
ALLA-002|COMP-007,COMP-170
ALLA-003|COMP-007,COMP-170
ALLA-004|COMP-007,COMP-170
ALLA-005|COMP-007,COMP-170
ALLA-006|COMP-007,COMP-170
ALLA-007|COMP-007,COMP-170
ALLA-008|COMP-007,COMP-170
ALLA-009|COMP-007,COMP-170
ALLA-011|COMP-007,COMP-170
ALLA-013|COMP-007,COMP-170
ALLA-014|COMP-007,COMP-170
ALLA-001|COMP-007,COMP-170
ANDP-001|COMP-010,COMP-011,COMP-012,COMP-013,COMP-014,COMP-015,COMP-010,COMP-011,COMP-012,COMP-013,COMP-014
ANDP-002|COMP-010,COMP-011,COMP-012,COMP-013,COMP-014,COMP-015
ANDP-003|COMP-010,COMP-011,COMP-012,COMP-013,COMP-014,COMP-015
ANDP-004|COMP-010,COMP-011,COMP-012,COMP-013,COMP-014,COMP-015
ANDP-006|COMP-010,COMP-011,COMP-012,COMP-013,COMP-014,COMP-015
ANDP-007|COMP-010,COMP-011,COMP-012,COMP-013,COMP-014,COMP-015
ANDP-008|COMP-010,COMP-011,COMP-012,COMP-013,COMP-014,COMP-015
ANDP-009|COMP-010,COMP-011,COMP-012,COMP-013,COMP-014,COMP-015
ANDP-010|COMP-010,COMP-011,COMP-012,COMP-013,COMP-014,COMP-015
ANDP-011|COMP-010,COMP-011,COMP-012,COMP-013,COMP-014,COMP-015
ANDP-012|COMP-010,COMP-011,COMP-012,COMP-013,COMP-014,COMP-015
ANDP-013|COMP-010,COMP-011,COMP-012,COMP-013,COMP-014,COMP-015
ANDP-014|COMP-010,COMP-011,COMP-012,COMP-013,COMP-014,COMP-015
ANDP-015|COMP-010,COMP-011,COMP-012,COMP-013,COMP-014,COMP-015
ANDP-016|COMP-010,COMP-011,COMP-012,COMP-013,COMP-014,COMP-015
ANDP-017|COMP-010,COMP-011,COMP-012,COMP-013,COMP-014,COMP-015
ANDP-020|COMP-010,COMP-011,COMP-012,COMP-013,COMP-014,COMP-015
ANDP-021|COMP-010,COMP-011,COMP-012,COMP-013,COMP-014,COMP-015
ANDP-022|COMP-010,COMP-011,COMP-012,COMP-013,COMP-014,COMP-015
ANDP-024|COMP-010,COMP-011,COMP-012,COMP-013,COMP-014,COMP-015
ANDP-025|COMP-010,COMP-011,COMP-012,COMP-013,COMP-014,COMP-015
ANDP-027|COMP-010,COMP-011,COMP-012,COMP-013,COMP-014,COMP-015
ANDP-029|COMP-010,COMP-011,COMP-012,COMP-013,COMP-014,COMP-015
ANDP-030|COMP-010,COMP-011,COMP-012,COMP-013,COMP-014,COMP-015
ANDP-032|COMP-010,COMP-011,COMP-012,COMP-013,COMP-014,COMP-015
ANDP-033|COMP-010,COMP-011,COMP-012,COMP-013,COMP-014,COMP-015
ANDP-034|COMP-010,COMP-011,COMP-012,COMP-013,COMP-014,COMP-015
ANDP-036|COMP-010,COMP-011,COMP-012,COMP-013,COMP-014,COMP-015
ANDP-037|COMP-010,COMP-011,COMP-012,COMP-013,COMP-014,COMP-015
ANDP-038|COMP-010,COMP-011,COMP-012,COMP-013,COMP-014,COMP-015
ANDP-039|COMP-010,COMP-011,COMP-012,COMP-013,COMP-014,COMP-015
ANDP-040|COMP-010,COMP-011,COMP-012,COMP-013,COMP-014,COMP-015
ANDP-041|COMP-010,COMP-011,COMP-012,COMP-013,COMP-014,COMP-015
ANDP-042|COMP-010,COMP-011,COMP-012,COMP-013,COMP-014,COMP-015
ANDP-043|COMP-010,COMP-011,COMP-012,COMP-013,COMP-014,COMP-015
ANDP-044|COMP-010,COMP-011,COMP-012,COMP-013,COMP-014,COMP-015
ANDP-045|COMP-010,COMP-011,COMP-012,COMP-013,COMP-014,COMP-015
ANDP-046|COMP-010,COMP-011,COMP-012,COMP-013,COMP-014,COMP-015
ANDP-047|COMP-010,COMP-011,COMP-012,COMP-013,COMP-014,COMP-015
ANDP-048|COMP-010,COMP-011,COMP-012,COMP-013,COMP-014,COMP-015
ANDP-049|COMP-010,COMP-011,COMP-012,COMP-013,COMP-014,COMP-015
ANDP-052|COMP-010,COMP-011,COMP-012,COMP-013,COMP-014,COMP-015
ANDP-055|COMP-010,COMP-011,COMP-012,COMP-013,COMP-014,COMP-015
ANDP-056|COMP-010,COMP-011,COMP-012,COMP-013,COMP-014,COMP-015
ANDP-057|COMP-010,COMP-011,COMP-012,COMP-013,COMP-014,COMP-015
ANDP-058|COMP-010,COMP-011,COMP-012,COMP-013,COMP-014,COMP-015
ANDP-059|COMP-010,COMP-011,COMP-012,COMP-013,COMP-014,COMP-015
ANDP-060|COMP-010,COMP-011,COMP-012,COMP-013,COMP-014,COMP-015
ANDP-062|COMP-010,COMP-011,COMP-012,COMP-013,COMP-014,COMP-015
ANDP-063|COMP-010,COMP-011,COMP-012,COMP-013,COMP-014,COMP-015
ANDP-064|COMP-010,COMP-011,COMP-012,COMP-013,COMP-014,COMP-015
ANDP-065|COMP-010,COMP-011,COMP-012,COMP-013,COMP-014,COMP-015
ANDP-066|COMP-010,COMP-011,COMP-012,COMP-013,COMP-014,COMP-015
ANDP-067|COMP-010,COMP-011,COMP-012,COMP-013,COMP-014,COMP-015
ANDP-068|COMP-010,COMP-011,COMP-012,COMP-013,COMP-014,COMP-015
ANDP-069|COMP-010,COMP-011,COMP-012,COMP-013,COMP-014,COMP-015
ANDP-071|COMP-010,COMP-011,COMP-012,COMP-013,COMP-014,COMP-015
ANDP-072|COMP-010,COMP-011,COMP-012,COMP-013,COMP-014,COMP-015
ANDP-074|COMP-010,COMP-011,COMP-012,COMP-013,COMP-014,COMP-015
ANDP-075|COMP-010,COMP-011,COMP-012,COMP-013,COMP-014,COMP-015
ANDP-076|COMP-010,COMP-011,COMP-012,COMP-013,COMP-014,COMP-015
ANDP-078|COMP-010,COMP-011,COMP-012,COMP-013,COMP-014,COMP-015
ANDP-079|COMP-010,COMP-011,COMP-012,COMP-013,COMP-014,COMP-015
ANDP-080|COMP-010,COMP-011,COMP-012,COMP-013,COMP-014,COMP-015
BASC-002|COMP-016,COMP-017,COMP-018,COMP-019
BASC-003|COMP-016,COMP-017,COMP-018,COMP-019
BASC-005|COMP-016,COMP-017,COMP-018,COMP-019
BASC-007|COMP-016,COMP-017,COMP-018,COMP-019
BASC-008|COMP-016,COMP-017,COMP-018,COMP-019
BASC-009|COMP-016,COMP-017,COMP-018,COMP-019
BASC-010|COMP-016,COMP-017,COMP-018,COMP-019
BASC-011|COMP-016,COMP-017,COMP-018,COMP-019
BASC-012|COMP-016,COMP-017,COMP-018,COMP-019
BASC-013|COMP-016,COMP-017,COMP-018,COMP-019
BASC-014|COMP-016,COMP-017,COMP-018,COMP-019
BASC-015|COMP-016,COMP-017,COMP-018,COMP-019
BASC-016|COMP-016,COMP-017,COMP-018,COMP-019
BASC-017|COMP-016,COMP-017,COMP-018,COMP-019
BASC-018|COMP-016,COMP-017,COMP-018,COMP-019
BASC-019|COMP-016,COMP-017,COMP-018,COMP-019
BASC-020|COMP-016,COMP-017,COMP-018,COMP-019
BASC-021|COMP-016,COMP-017,COMP-018,COMP-019
BASC-022|COMP-016,COMP-017,COMP-018,COMP-019
BASC-023|COMP-016,COMP-017,COMP-018,COMP-019
BASC-024|COMP-016,COMP-017,COMP-018,COMP-019
BASC-025|COMP-016,COMP-017,COMP-018,COMP-019
BRIL-001|COMP-021
BRIL-002|COMP-021
BRIL-003|COMP-021
CARP-001|COMP-028,COMP-029
CARP-002|COMP-028,COMP-029
CARP-003|COMP-028,COMP-029
CNCR-055|COMP-030,COMP-031,COMP-032
CNCR-003|COMP-030,COMP-031,COMP-032
CNCR-020|COMP-030,COMP-031,COMP-032
CNCR-017|COMP-030,COMP-031,COMP-032
CNCR-022|COMP-030,COMP-031,COMP-032
CNCR-010|COMP-030,COMP-031,COMP-032
CNCR-019|COMP-030,COMP-031,COMP-032
CNCR-056|COMP-030,COMP-031,COMP-032
CNCR-045|COMP-030,COMP-031,COMP-032
CNCR-047|COMP-030,COMP-031,COMP-032
CNCR-048|COMP-030,COMP-031,COMP-032
CNCR-049|COMP-030,COMP-031,COMP-032
CNCR-044|COMP-030,COMP-031,COMP-032
CNCR-051|COMP-030,COMP-031,COMP-032
CNCR-043|COMP-030,COMP-031,COMP-032
CNCR-035|COMP-030,COMP-031,COMP-032
CNCR-050|COMP-030,COMP-031,COMP-032
CNCR-052|COMP-030,COMP-031,COMP-032
CNCR-053|COMP-030,COMP-031,COMP-032
CNCR-032|COMP-030,COMP-031,COMP-032
CNCR-036|COMP-030,COMP-031,COMP-032
CNCR-038|COMP-030,COMP-031,COMP-032
CNCR-042|COMP-030,COMP-031,COMP-032
CNCR-018|COMP-030,COMP-031,COMP-032
CNCR-026|COMP-030,COMP-031,COMP-032
CNCR-021|COMP-030,COMP-031,COMP-032
CNCR-025|COMP-030,COMP-031,COMP-032
CNCR-030|COMP-030,COMP-031,COMP-032
CNCR-034|COMP-030,COMP-031,COMP-032
CNCR-039|COMP-030,COMP-031,COMP-032
CNCR-057|COMP-030,COMP-031,COMP-032
CRAD-001|COMP-033
CRAD-023|COMP-033
CRAD-028|COMP-033
CRAD-027|COMP-033
CRAD-008|COMP-033
CRAD-007|COMP-033
CRAD-014|COMP-033
CRAD-029|COMP-033
CRAD-019|COMP-033
CRAD-012|COMP-033
CRAD-021|COMP-033
CRAD-009|COMP-033
CRAD-026|COMP-033
CRAD-018|COMP-033
CRAD-010|COMP-033
CRAD-024|COMP-033
CRAD-023|COMP-033
CRAD-030|COMP-033
ANDT-001|COMP-034,COMP-035
ANDT-002|COMP-034,COMP-035
ANDT-003|COMP-034,COMP-035
ANDT-004|COMP-034,COMP-035
ANDT-005|COMP-034,COMP-035
ANDT-005|COMP-034,COMP-035
TRAC-002|COMP-046,COMP-047,COMP-048
MTSL-001|COMP-123,COMP-124
MTSL-002|COMP-123,COMP-124
MTSL-003|COMP-123,COMP-124
MTSL-004|COMP-123,COMP-124
PRFD-001|COMP-125
RGLV-001|COMP-157
UNPH-001|COMP-166
VCOM-014|COMP-167
VCOM-018|COMP-167
VCOM-021|COMP-167
VCOM-023|COMP-167
VCOM-024|COMP-167
VCOM-034|COMP-167
VCOM-035|COMP-167
VCOM-036|COMP-167
VCOM-037|COMP-167
VCOM-038|COMP-167
VCOM-039|COMP-167
VCOM-041|COMP-167
VCOM-042|COMP-167
VCOM-046|COMP-167
VCOM-057|COMP-167
VCOM-058|COMP-167
VCOM-059|COMP-167
VCOM-060|COMP-167
VCOM-061|COMP-167
VCOM-062|COMP-167
VCOM-063|COMP-167
VCOM-064|COMP-167
VCOM-066|COMP-167
