id,code,name,state_id/id
res_country_municipality_1,001,MEDELLIN,base.state_co_01
res_country_municipality_2,002,ABEJORRAL,base.state_co_01
res_country_municipality_3,004,ABRIAQUI,base.state_co_01
res_country_municipality_4,021,ALEJANDRIA,base.state_co_01
res_country_municipality_5,030,AMAGA,base.state_co_01
res_country_municipality_6,031,AMALFI,base.state_co_01
res_country_municipality_7,034,ANDES,base.state_co_01
res_country_municipality_8,036,ANGELOPOLIS,base.state_co_01
res_country_municipality_9,038,ANGOSTURA,base.state_co_01
res_country_municipality_10,040,ANORI,base.state_co_01
res_country_municipality_11,042,SANTAFE DE ANTIOQUIA,base.state_co_01
res_country_municipality_12,044,ANZA,base.state_co_01
res_country_municipality_13,045,APARTADO,base.state_co_01
res_country_municipality_14,051,ARBOLETES,base.state_co_01
res_country_municipality_15,055,ARGELIA,base.state_co_01
res_country_municipality_16,059,ARMENIA,base.state_co_01
res_country_municipality_17,079,BARBOSA,base.state_co_01
res_country_municipality_18,086,BELMIRA,base.state_co_01
res_country_municipality_19,088,BELLO,base.state_co_01
res_country_municipality_20,091,BETANIA,base.state_co_01
res_country_municipality_21,093,BETULIA,base.state_co_01
res_country_municipality_22,101,CIUDAD BOLIVAR,base.state_co_01
res_country_municipality_23,107,BRICEÑO,base.state_co_01
res_country_municipality_24,113,BURITICA,base.state_co_01
res_country_municipality_25,120,CACERES,base.state_co_01
res_country_municipality_26,125,CAICEDO,base.state_co_01
res_country_municipality_27,129,CALDAS,base.state_co_01
res_country_municipality_28,134,CAMPAMENTO,base.state_co_01
res_country_municipality_29,138,CAÑASGORDAS,base.state_co_01
res_country_municipality_30,142,CARACOLI,base.state_co_01
res_country_municipality_31,145,CARAMANTA,base.state_co_01
res_country_municipality_32,147,CAREPA,base.state_co_01
res_country_municipality_33,148,EL CARMEN DE VIBORAL,base.state_co_01
res_country_municipality_34,150,CAROLINA,base.state_co_01
res_country_municipality_35,154,CAUCASIA,base.state_co_01
res_country_municipality_36,172,CHIGORODO,base.state_co_01
res_country_municipality_37,190,CISNEROS,base.state_co_01
res_country_municipality_38,197,COCORNA,base.state_co_01
res_country_municipality_39,206,CONCEPCION,base.state_co_01
res_country_municipality_40,209,CONCORDIA,base.state_co_01
res_country_municipality_41,212,COPACABANA,base.state_co_01
res_country_municipality_42,234,DABEIBA,base.state_co_01
res_country_municipality_43,237,DON MATIAS,base.state_co_01
res_country_municipality_44,240,EBEJICO,base.state_co_01
res_country_municipality_45,250,EL BAGRE,base.state_co_01
res_country_municipality_46,264,ENTRERRIOS,base.state_co_01
res_country_municipality_47,266,ENVIGADO,base.state_co_01
res_country_municipality_48,282,FREDONIA,base.state_co_01
res_country_municipality_49,284,FRONTINO,base.state_co_01
res_country_municipality_50,306,GIRALDO,base.state_co_01
res_country_municipality_51,308,GIRARDOTA,base.state_co_01
res_country_municipality_52,310,GOMEZ PLATA,base.state_co_01
res_country_municipality_53,313,GRANADA,base.state_co_01
res_country_municipality_54,315,GUADALUPE,base.state_co_01
res_country_municipality_55,318,GUARNE,base.state_co_01
res_country_municipality_56,321,GUATAPE,base.state_co_01
res_country_municipality_57,347,HELICONIA,base.state_co_01
res_country_municipality_58,353,HISPANIA,base.state_co_01
res_country_municipality_59,360,ITAGUI,base.state_co_01
res_country_municipality_60,361,ITUANGO,base.state_co_01
res_country_municipality_61,364,JARDIN,base.state_co_01
res_country_municipality_62,368,JERICO,base.state_co_01
res_country_municipality_63,376,LA CEJA,base.state_co_01
res_country_municipality_64,380,LA ESTRELLA,base.state_co_01
res_country_municipality_65,390,LA PINTADA,base.state_co_01
res_country_municipality_66,400,LA UNION,base.state_co_01
res_country_municipality_67,411,LIBORINA,base.state_co_01
res_country_municipality_68,425,MACEO,base.state_co_01
res_country_municipality_69,440,MARINILLA,base.state_co_01
res_country_municipality_70,467,MONTEBELLO,base.state_co_01
res_country_municipality_71,475,MURINDO,base.state_co_01
res_country_municipality_72,480,MUTATA,base.state_co_01
res_country_municipality_73,483,NARIÑO,base.state_co_01
res_country_municipality_74,490,NECOCLI,base.state_co_01
res_country_municipality_75,495,NECHI,base.state_co_01
res_country_municipality_76,501,OLAYA,base.state_co_01
res_country_municipality_77,541,PEÐOL,base.state_co_01
res_country_municipality_78,543,PEQUE,base.state_co_01
res_country_municipality_79,576,PUEBLORRICO,base.state_co_01
res_country_municipality_80,579,PUERTO BERRIO,base.state_co_01
res_country_municipality_81,585,PUERTO NARE,base.state_co_01
res_country_municipality_82,591,PUERTO TRIUNFO,base.state_co_01
res_country_municipality_83,604,REMEDIOS,base.state_co_01
res_country_municipality_84,607,RETIRO,base.state_co_01
res_country_municipality_85,615,RIONEGRO,base.state_co_01
res_country_municipality_86,628,SABANALARGA,base.state_co_01
res_country_municipality_87,631,SABANETA,base.state_co_01
res_country_municipality_88,642,SALGAR,base.state_co_01
res_country_municipality_89,647,SAN ANDRES DE CUERQUIA,base.state_co_01
res_country_municipality_90,649,SAN CARLOS,base.state_co_01
res_country_municipality_91,652,SAN FRANCISCO,base.state_co_01
res_country_municipality_92,656,SAN JERONIMO,base.state_co_01
res_country_municipality_93,658,SAN JOSE DE LA MONTAÑA,base.state_co_01
res_country_municipality_94,659,SAN JUAN DE URABA,base.state_co_01
res_country_municipality_95,660,SAN LUIS,base.state_co_01
res_country_municipality_96,664,SAN PEDRO,base.state_co_01
res_country_municipality_97,665,SAN PEDRO DE URABA,base.state_co_01
res_country_municipality_98,667,SAN RAFAEL,base.state_co_01
res_country_municipality_99,670,SAN ROQUE,base.state_co_01
res_country_municipality_100,674,SAN VICENTE,base.state_co_01
res_country_municipality_101,679,SANTA BARBARA,base.state_co_01
res_country_municipality_102,686,SANTA ROSA DE OSOS,base.state_co_01
res_country_municipality_103,690,SANTO DOMINGO,base.state_co_01
res_country_municipality_104,697,EL SANTUARIO,base.state_co_01
res_country_municipality_105,736,SEGOVIA,base.state_co_01
res_country_municipality_106,756,SONSON,base.state_co_01
res_country_municipality_107,761,SOPETRAN,base.state_co_01
res_country_municipality_108,789,TAMESIS,base.state_co_01
res_country_municipality_109,790,TARAZA,base.state_co_01
res_country_municipality_110,792,TARSO,base.state_co_01
res_country_municipality_111,809,TITIRIBI,base.state_co_01
res_country_municipality_112,819,TOLEDO,base.state_co_01
res_country_municipality_113,837,TURBO,base.state_co_01
res_country_municipality_114,842,URAMITA,base.state_co_01
res_country_municipality_115,847,URRAO,base.state_co_01
res_country_municipality_116,854,VALDIVIA,base.state_co_01
res_country_municipality_117,856,VALPARAISO,base.state_co_01
res_country_municipality_118,858,VEGACHI,base.state_co_01
res_country_municipality_119,861,VENECIA,base.state_co_01
res_country_municipality_120,873,VIGIA DEL FUERTE,base.state_co_01
res_country_municipality_121,885,YALI,base.state_co_01
res_country_municipality_122,887,YARUMAL,base.state_co_01
res_country_municipality_123,890,YOLOMBO,base.state_co_01
res_country_municipality_124,893,YONDO,base.state_co_01
res_country_municipality_125,895,ZARAGOZA,base.state_co_01
res_country_municipality_126,001,BARRANQUILLA,base.state_co_02
res_country_municipality_127,078,BARANOA,base.state_co_02
res_country_municipality_128,137,CAMPO DE LA CRUZ,base.state_co_02
res_country_municipality_129,141,CANDELARIA,base.state_co_02
res_country_municipality_130,296,GALAPA,base.state_co_02
res_country_municipality_131,372,JUAN DE ACOSTA,base.state_co_02
res_country_municipality_132,421,LURUACO,base.state_co_02
res_country_municipality_133,433,MALAMBO,base.state_co_02
res_country_municipality_134,436,MANATI,base.state_co_02
res_country_municipality_135,520,PALMAR DE VARELA,base.state_co_02
res_country_municipality_136,549,PIOJO,base.state_co_02
res_country_municipality_137,558,POLONUEVO,base.state_co_02
res_country_municipality_138,560,PONEDERA,base.state_co_02
res_country_municipality_139,573,PUERTO COLOMBIA,base.state_co_02
res_country_municipality_140,606,REPELON,base.state_co_02
res_country_municipality_141,634,SABANAGRANDE,base.state_co_02
res_country_municipality_142,638,SABANALARGA,base.state_co_02
res_country_municipality_143,675,SANTA LUCIA,base.state_co_02
res_country_municipality_144,685,SANTO TOMAS,base.state_co_02
res_country_municipality_145,758,SOLEDAD,base.state_co_02
res_country_municipality_146,770,SUAN,base.state_co_02
res_country_municipality_147,832,TUBARA,base.state_co_02
res_country_municipality_148,849,USIACURI,base.state_co_02
res_country_municipality_149,001,"BOGOTA, D.C.",base.state_co_03
res_country_municipality_150,001,CARTAGENA,base.state_co_04
res_country_municipality_151,006,ACHI,base.state_co_04
res_country_municipality_152,030,ALTOS DEL ROSARIO,base.state_co_04
res_country_municipality_153,042,ARENAL,base.state_co_04
res_country_municipality_154,052,ARJONA,base.state_co_04
res_country_municipality_155,062,ARROYOHONDO,base.state_co_04
res_country_municipality_156,074,BARRANCO DE LOBA,base.state_co_04
res_country_municipality_157,140,CALAMAR,base.state_co_04
res_country_municipality_158,160,CANTAGALLO,base.state_co_04
res_country_municipality_159,188,CICUCO,base.state_co_04
res_country_municipality_160,212,CORDOBA,base.state_co_04
res_country_municipality_161,222,CLEMENCIA,base.state_co_04
res_country_municipality_162,244,EL CARMEN DE BOLIVAR,base.state_co_04
res_country_municipality_163,248,EL GUAMO,base.state_co_04
res_country_municipality_164,268,EL PEÑON,base.state_co_04
res_country_municipality_165,300,HATILLO DE LOBA,base.state_co_04
res_country_municipality_166,430,MAGANGUE,base.state_co_04
res_country_municipality_167,433,MAHATES,base.state_co_04
res_country_municipality_168,440,MARGARITA,base.state_co_04
res_country_municipality_169,442,MARIA LA BAJA,base.state_co_04
res_country_municipality_170,458,MONTECRISTO,base.state_co_04
res_country_municipality_171,468,MOMPOS,base.state_co_04
res_country_municipality_172,490,NOROSI,base.state_co_04
res_country_municipality_173,473,MORALES,base.state_co_04
res_country_municipality_174,549,PINILLOS,base.state_co_04
res_country_municipality_175,580,REGIDOR,base.state_co_04
res_country_municipality_176,600,RIO VIEJO,base.state_co_04
res_country_municipality_177,620,SAN CRISTOBAL,base.state_co_04
res_country_municipality_178,647,SAN ESTANISLAO,base.state_co_04
res_country_municipality_179,650,SAN FERNANDO,base.state_co_04
res_country_municipality_180,654,SAN JACINTO,base.state_co_04
res_country_municipality_181,655,SAN JACINTO DEL CAUCA,base.state_co_04
res_country_municipality_182,657,SAN JUAN NEPOMUCENO,base.state_co_04
res_country_municipality_183,667,SAN MARTIN DE LOBA,base.state_co_04
res_country_municipality_184,670,SAN PABLO,base.state_co_04
res_country_municipality_185,673,SANTA CATALINA,base.state_co_04
res_country_municipality_186,683,SANTA ROSA,base.state_co_04
res_country_municipality_187,688,SANTA ROSA DEL SUR,base.state_co_04
res_country_municipality_188,744,SIMITI,base.state_co_04
res_country_municipality_189,760,SOPLAVIENTO,base.state_co_04
res_country_municipality_190,780,TALAIGUA NUEVO,base.state_co_04
res_country_municipality_191,810,TIQUISIO,base.state_co_04
res_country_municipality_192,836,TURBACO,base.state_co_04
res_country_municipality_193,838,TURBANA,base.state_co_04
res_country_municipality_194,873,VILLANUEVA,base.state_co_04
res_country_municipality_195,894,ZAMBRANO,base.state_co_04
res_country_municipality_196,001,TUNJA,base.state_co_05
res_country_municipality_197,022,ALMEIDA,base.state_co_05
res_country_municipality_198,047,AQUITANIA,base.state_co_05
res_country_municipality_199,051,ARCABUCO,base.state_co_05
res_country_municipality_200,087,BELEN,base.state_co_05
res_country_municipality_201,090,BERBEO,base.state_co_05
res_country_municipality_202,092,BETEITIVA,base.state_co_05
res_country_municipality_203,097,BOAVITA,base.state_co_05
res_country_municipality_204,104,BOYACA,base.state_co_05
res_country_municipality_205,106,BRICEÑO,base.state_co_05
res_country_municipality_206,109,BUENAVISTA,base.state_co_05
res_country_municipality_207,114,BUSBANZA,base.state_co_05
res_country_municipality_208,131,CALDAS,base.state_co_05
res_country_municipality_209,135,CAMPOHERMOSO,base.state_co_05
res_country_municipality_210,162,CERINZA,base.state_co_05
res_country_municipality_211,172,CHINAVITA,base.state_co_05
res_country_municipality_212,176,CHIQUINQUIRA,base.state_co_05
res_country_municipality_213,180,CHISCAS,base.state_co_05
res_country_municipality_214,183,CHITA,base.state_co_05
res_country_municipality_215,185,CHITARAQUE,base.state_co_05
res_country_municipality_216,187,CHIVATA,base.state_co_05
res_country_municipality_217,189,CIENEGA,base.state_co_05
res_country_municipality_218,204,COMBITA,base.state_co_05
res_country_municipality_219,212,COPER,base.state_co_05
res_country_municipality_220,215,CORRALES,base.state_co_05
res_country_municipality_221,218,COVARACHIA,base.state_co_05
res_country_municipality_222,223,CUBARA,base.state_co_05
res_country_municipality_223,224,CUCAITA,base.state_co_05
res_country_municipality_224,226,CUITIVA,base.state_co_05
res_country_municipality_225,232,CHIQUIZA,base.state_co_05
res_country_municipality_226,236,CHIVOR,base.state_co_05
res_country_municipality_227,238,DUITAMA,base.state_co_05
res_country_municipality_228,244,EL COCUY,base.state_co_05
res_country_municipality_229,248,EL ESPINO,base.state_co_05
res_country_municipality_230,272,FIRAVITOBA,base.state_co_05
res_country_municipality_231,276,FLORESTA,base.state_co_05
res_country_municipality_232,293,GACHANTIVA,base.state_co_05
res_country_municipality_233,296,GAMEZA,base.state_co_05
res_country_municipality_234,299,GARAGOA,base.state_co_05
res_country_municipality_235,317,GUACAMAYAS,base.state_co_05
res_country_municipality_236,322,GUATEQUE,base.state_co_05
res_country_municipality_237,325,GUAYATA,base.state_co_05
res_country_municipality_238,332,GsICAN,base.state_co_05
res_country_municipality_239,362,IZA,base.state_co_05
res_country_municipality_240,367,JENESANO,base.state_co_05
res_country_municipality_241,368,JERICO,base.state_co_05
res_country_municipality_242,377,LABRANZAGRANDE,base.state_co_05
res_country_municipality_243,380,LA CAPILLA,base.state_co_05
res_country_municipality_244,401,LA VICTORIA,base.state_co_05
res_country_municipality_245,403,LA UVITA,base.state_co_05
res_country_municipality_246,407,VILLA DE LEYVA,base.state_co_05
res_country_municipality_247,425,MACANAL,base.state_co_05
res_country_municipality_248,442,MARIPI,base.state_co_05
res_country_municipality_249,455,MIRAFLORES,base.state_co_05
res_country_municipality_250,464,MONGUA,base.state_co_05
res_country_municipality_251,466,MONGUI,base.state_co_05
res_country_municipality_252,469,MONIQUIRA,base.state_co_05
res_country_municipality_253,476,MOTAVITA,base.state_co_05
res_country_municipality_254,480,MUZO,base.state_co_05
res_country_municipality_255,491,NOBSA,base.state_co_05
res_country_municipality_256,494,NUEVO COLON,base.state_co_05
res_country_municipality_257,500,OICATA,base.state_co_05
res_country_municipality_258,507,OTANCHE,base.state_co_05
res_country_municipality_259,511,PACHAVITA,base.state_co_05
res_country_municipality_260,514,PAEZ,base.state_co_05
res_country_municipality_261,516,PAIPA,base.state_co_05
res_country_municipality_262,518,PAJARITO,base.state_co_05
res_country_municipality_263,522,PANQUEBA,base.state_co_05
res_country_municipality_264,531,PAUNA,base.state_co_05
res_country_municipality_265,533,PAYA,base.state_co_05
res_country_municipality_266,537,PAZ DE RIO,base.state_co_05
res_country_municipality_267,542,PESCA,base.state_co_05
res_country_municipality_268,550,PISBA,base.state_co_05
res_country_municipality_269,572,PUERTO BOYACA,base.state_co_05
res_country_municipality_270,580,QUIPAMA,base.state_co_05
res_country_municipality_271,599,RAMIRIQUI,base.state_co_05
res_country_municipality_272,600,RAQUIRA,base.state_co_05
res_country_municipality_273,621,RONDON,base.state_co_05
res_country_municipality_274,632,SABOYA,base.state_co_05
res_country_municipality_275,638,SACHICA,base.state_co_05
res_country_municipality_276,646,SAMACA,base.state_co_05
res_country_municipality_277,660,SAN EDUARDO,base.state_co_05
res_country_municipality_278,664,SAN JOSE DE PARE,base.state_co_05
res_country_municipality_279,667,SAN LUIS DE GACENO,base.state_co_05
res_country_municipality_280,673,SAN MATEO,base.state_co_05
res_country_municipality_281,676,SAN MIGUEL DE SEMA,base.state_co_05
res_country_municipality_282,681,SAN PABLO DE BORBUR,base.state_co_05
res_country_municipality_283,686,SANTANA,base.state_co_05
res_country_municipality_284,690,SANTA MARIA,base.state_co_05
res_country_municipality_285,693,SANTA ROSA DE VITERBO,base.state_co_05
res_country_municipality_286,696,SANTA SOFIA,base.state_co_05
res_country_municipality_287,720,SATIVANORTE,base.state_co_05
res_country_municipality_288,723,SATIVASUR,base.state_co_05
res_country_municipality_289,740,SIACHOQUE,base.state_co_05
res_country_municipality_290,753,SOATA,base.state_co_05
res_country_municipality_291,755,SOCOTA,base.state_co_05
res_country_municipality_292,757,SOCHA,base.state_co_05
res_country_municipality_293,759,SOGAMOSO,base.state_co_05
res_country_municipality_294,761,SOMONDOCO,base.state_co_05
res_country_municipality_295,762,SORA,base.state_co_05
res_country_municipality_296,763,SOTAQUIRA,base.state_co_05
res_country_municipality_297,764,SORACA,base.state_co_05
res_country_municipality_298,774,SUSACON,base.state_co_05
res_country_municipality_299,776,SUTAMARCHAN,base.state_co_05
res_country_municipality_300,778,SUTATENZA,base.state_co_05
res_country_municipality_301,790,TASCO,base.state_co_05
res_country_municipality_302,798,TENZA,base.state_co_05
res_country_municipality_303,804,TIBANA,base.state_co_05
res_country_municipality_304,806,TIBASOSA,base.state_co_05
res_country_municipality_305,808,TINJACA,base.state_co_05
res_country_municipality_306,810,TIPACOQUE,base.state_co_05
res_country_municipality_307,814,TOCA,base.state_co_05
res_country_municipality_308,816,TOGsI,base.state_co_05
res_country_municipality_309,820,TOPAGA,base.state_co_05
res_country_municipality_310,822,TOTA,base.state_co_05
res_country_municipality_311,832,TUNUNGUA,base.state_co_05
res_country_municipality_312,835,TURMEQUE,base.state_co_05
res_country_municipality_313,837,TUTA,base.state_co_05
res_country_municipality_314,839,TUTAZA,base.state_co_05
res_country_municipality_315,842,UMBITA,base.state_co_05
res_country_municipality_316,861,VENTAQUEMADA,base.state_co_05
res_country_municipality_317,879,VIRACACHA,base.state_co_05
res_country_municipality_318,897,ZETAQUIRA,base.state_co_05
res_country_municipality_319,001,MANIZALES,base.state_co_06
res_country_municipality_320,013,AGUADAS,base.state_co_06
res_country_municipality_321,042,ANSERMA,base.state_co_06
res_country_municipality_322,050,ARANZAZU,base.state_co_06
res_country_municipality_323,088,BELALCAZAR,base.state_co_06
res_country_municipality_324,174,CHINCHINA,base.state_co_06
res_country_municipality_325,272,FILADELFIA,base.state_co_06
res_country_municipality_326,380,LA DORADA,base.state_co_06
res_country_municipality_327,388,LA MERCED,base.state_co_06
res_country_municipality_328,433,MANZANARES,base.state_co_06
res_country_municipality_329,442,MARMATO,base.state_co_06
res_country_municipality_330,444,MARQUETALIA,base.state_co_06
res_country_municipality_331,446,MARULANDA,base.state_co_06
res_country_municipality_332,486,NEIRA,base.state_co_06
res_country_municipality_333,495,NORCASIA,base.state_co_06
res_country_municipality_334,513,PACORA,base.state_co_06
res_country_municipality_335,524,PALESTINA,base.state_co_06
res_country_municipality_336,541,PENSILVANIA,base.state_co_06
res_country_municipality_337,614,RIOSUCIO,base.state_co_06
res_country_municipality_338,616,RISARALDA,base.state_co_06
res_country_municipality_339,653,SALAMINA,base.state_co_06
res_country_municipality_340,662,SAMANA,base.state_co_06
res_country_municipality_341,665,SAN JOSE,base.state_co_06
res_country_municipality_342,777,SUPIA,base.state_co_06
res_country_municipality_343,867,VICTORIA,base.state_co_06
res_country_municipality_344,873,VILLAMARIA,base.state_co_06
res_country_municipality_345,877,VITERBO,base.state_co_06
res_country_municipality_346,001,FLORENCIA,base.state_co_07
res_country_municipality_347,029,ALBANIA,base.state_co_07
res_country_municipality_348,094,BELEN DE LOS ANDAQUIES,base.state_co_07
res_country_municipality_349,150,CARTAGENA DEL CHAIRA,base.state_co_07
res_country_municipality_350,205,CURILLO,base.state_co_07
res_country_municipality_351,247,EL DONCELLO,base.state_co_07
res_country_municipality_352,256,EL PAUJIL,base.state_co_07
res_country_municipality_353,410,LA MONTAÑITA,base.state_co_07
res_country_municipality_354,460,MILAN,base.state_co_07
res_country_municipality_355,479,MORELIA,base.state_co_07
res_country_municipality_356,592,PUERTO RICO,base.state_co_07
res_country_municipality_357,610,SAN JOSE DEL FRAGUA,base.state_co_07
res_country_municipality_358,753,SAN VICENTE DEL CAGUAN,base.state_co_07
res_country_municipality_359,756,SOLANO,base.state_co_07
res_country_municipality_360,785,SOLITA,base.state_co_07
res_country_municipality_361,860,VALPARAISO,base.state_co_07
res_country_municipality_362,001,POPAYAN,base.state_co_08
res_country_municipality_363,022,ALMAGUER,base.state_co_08
res_country_municipality_364,050,ARGELIA,base.state_co_08
res_country_municipality_365,075,BALBOA,base.state_co_08
res_country_municipality_366,100,BOLIVAR,base.state_co_08
res_country_municipality_367,110,BUENOS AIRES,base.state_co_08
res_country_municipality_368,130,CAJIBIO,base.state_co_08
res_country_municipality_369,137,CALDONO,base.state_co_08
res_country_municipality_370,142,CALOTO,base.state_co_08
res_country_municipality_371,212,CORINTO,base.state_co_08
res_country_municipality_372,256,EL TAMBO,base.state_co_08
res_country_municipality_373,290,FLORENCIA,base.state_co_08
res_country_municipality_374,,GUACHENE,base.state_co_08
res_country_municipality_375,318,GUAPI,base.state_co_08
res_country_municipality_376,355,INZA,base.state_co_08
res_country_municipality_377,364,JAMBALO,base.state_co_08
res_country_municipality_378,392,LA SIERRA,base.state_co_08
res_country_municipality_379,397,LA VEGA,base.state_co_08
res_country_municipality_380,418,LOPEZ,base.state_co_08
res_country_municipality_381,450,MERCADERES,base.state_co_08
res_country_municipality_382,455,MIRANDA,base.state_co_08
res_country_municipality_383,473,MORALES,base.state_co_08
res_country_municipality_384,513,PADILLA,base.state_co_08
res_country_municipality_385,517,PAEZ,base.state_co_08
res_country_municipality_386,532,PATIA,base.state_co_08
res_country_municipality_387,533,PIAMONTE,base.state_co_08
res_country_municipality_388,548,PIENDAMO,base.state_co_08
res_country_municipality_389,573,PUERTO TEJADA,base.state_co_08
res_country_municipality_390,585,PURACE,base.state_co_08
res_country_municipality_391,622,ROSAS,base.state_co_08
res_country_municipality_392,693,SAN SEBASTIAN,base.state_co_08
res_country_municipality_393,698,SANTANDER DE QUILICHAO,base.state_co_08
res_country_municipality_394,701,SANTA ROSA,base.state_co_08
res_country_municipality_395,743,SILVIA,base.state_co_08
res_country_municipality_396,760,SOTARA,base.state_co_08
res_country_municipality_397,780,SUAREZ,base.state_co_08
res_country_municipality_398,785,SUCRE,base.state_co_08
res_country_municipality_399,807,TIMBIO,base.state_co_08
res_country_municipality_400,809,TIMBIQUI,base.state_co_08
res_country_municipality_401,821,TORIBIO,base.state_co_08
res_country_municipality_402,824,TOTORO,base.state_co_08
res_country_municipality_403,845,VILLA RICA,base.state_co_08
res_country_municipality_404,001,VALLEDUPAR,base.state_co_09
res_country_municipality_405,011,AGUACHICA,base.state_co_09
res_country_municipality_406,013,AGUSTIN CODAZZI,base.state_co_09
res_country_municipality_407,032,ASTREA,base.state_co_09
res_country_municipality_408,045,BECERRIL,base.state_co_09
res_country_municipality_409,060,BOSCONIA,base.state_co_09
res_country_municipality_410,175,CHIMICHAGUA,base.state_co_09
res_country_municipality_411,178,CHIRIGUANA,base.state_co_09
res_country_municipality_412,228,CURUMANI,base.state_co_09
res_country_municipality_413,238,EL COPEY,base.state_co_09
res_country_municipality_414,250,EL PASO,base.state_co_09
res_country_municipality_415,295,GAMARRA,base.state_co_09
res_country_municipality_416,310,GONZALEZ,base.state_co_09
res_country_municipality_417,383,LA GLORIA,base.state_co_09
res_country_municipality_418,400,LA JAGUA DE IBIRICO,base.state_co_09
res_country_municipality_419,443,MANAURE,base.state_co_09
res_country_municipality_420,517,PAILITAS,base.state_co_09
res_country_municipality_421,550,PELAYA,base.state_co_09
res_country_municipality_422,570,PUEBLO BELLO,base.state_co_09
res_country_municipality_423,614,RIO DE ORO,base.state_co_09
res_country_municipality_424,621,LA PAZ,base.state_co_09
res_country_municipality_425,710,SAN ALBERTO,base.state_co_09
res_country_municipality_426,750,SAN DIEGO,base.state_co_09
res_country_municipality_427,770,SAN MARTIN,base.state_co_09
res_country_municipality_428,787,TAMALAMEQUE,base.state_co_09
res_country_municipality_429,001,MONTERIA,base.state_co_10
res_country_municipality_430,068,AYAPEL,base.state_co_10
res_country_municipality_431,079,BUENAVISTA,base.state_co_10
res_country_municipality_432,090,CANALETE,base.state_co_10
res_country_municipality_433,162,CERETE,base.state_co_10
res_country_municipality_434,168,CHIMA,base.state_co_10
res_country_municipality_435,182,CHINU,base.state_co_10
res_country_municipality_436,189,CIENAGA DE ORO,base.state_co_10
res_country_municipality_437,300,COTORRA,base.state_co_10
res_country_municipality_438,350,LA APARTADA,base.state_co_10
res_country_municipality_439,417,LORICA,base.state_co_10
res_country_municipality_440,419,LOS CORDOBAS,base.state_co_10
res_country_municipality_441,464,MOMIL,base.state_co_10
res_country_municipality_442,466,MONTELIBANO,base.state_co_10
res_country_municipality_443,500,MOÑITOS,base.state_co_10
res_country_municipality_444,555,PLANETA RICA,base.state_co_10
res_country_municipality_445,570,PUEBLO NUEVO,base.state_co_10
res_country_municipality_446,574,PUERTO ESCONDIDO,base.state_co_10
res_country_municipality_447,580,PUERTO LIBERTADOR,base.state_co_10
res_country_municipality_448,586,PURISIMA,base.state_co_10
res_country_municipality_449,660,SAHAGUN,base.state_co_10
res_country_municipality_450,670,SAN ANDRES SOTAVENTO,base.state_co_10
res_country_municipality_451,672,SAN ANTERO,base.state_co_10
res_country_municipality_452,675,SAN BERNARDO DEL VIENTO,base.state_co_10
res_country_municipality_453,678,SAN CARLOS,base.state_co_10
res_country_municipality_454,686,SAN PELAYO,base.state_co_10
res_country_municipality_455,807,TIERRALTA,base.state_co_10
res_country_municipality_456,855,VALENCIA,base.state_co_10
res_country_municipality_457,001,AGUA DE DIOS,base.state_co_11
res_country_municipality_458,019,ALBAN,base.state_co_11
res_country_municipality_459,035,ANAPOIMA,base.state_co_11
res_country_municipality_460,040,ANOLAIMA,base.state_co_11
res_country_municipality_461,053,ARBELAEZ,base.state_co_11
res_country_municipality_462,086,BELTRAN,base.state_co_11
res_country_municipality_463,095,BITUIMA,base.state_co_11
res_country_municipality_464,099,BOJACA,base.state_co_11
res_country_municipality_465,120,CABRERA,base.state_co_11
res_country_municipality_466,123,CACHIPAY,base.state_co_11
res_country_municipality_467,126,CAJICA,base.state_co_11
res_country_municipality_468,148,CAPARRAPI,base.state_co_11
res_country_municipality_469,151,CAQUEZA,base.state_co_11
res_country_municipality_470,154,CARMEN DE CARUPA,base.state_co_11
res_country_municipality_471,168,CHAGUANI,base.state_co_11
res_country_municipality_472,175,CHIA,base.state_co_11
res_country_municipality_473,178,CHIPAQUE,base.state_co_11
res_country_municipality_474,181,CHOACHI,base.state_co_11
res_country_municipality_475,183,CHOCONTA,base.state_co_11
res_country_municipality_476,200,COGUA,base.state_co_11
res_country_municipality_477,214,COTA,base.state_co_11
res_country_municipality_478,224,CUCUNUBA,base.state_co_11
res_country_municipality_479,245,EL COLEGIO,base.state_co_11
res_country_municipality_480,258,EL PEÑON,base.state_co_11
res_country_municipality_481,260,EL ROSAL,base.state_co_11
res_country_municipality_482,269,FACATATIVA,base.state_co_11
res_country_municipality_483,279,FOMEQUE,base.state_co_11
res_country_municipality_484,281,FOSCA,base.state_co_11
res_country_municipality_485,286,FUNZA,base.state_co_11
res_country_municipality_486,288,FUQUENE,base.state_co_11
res_country_municipality_487,290,FUSAGASUGA,base.state_co_11
res_country_municipality_488,293,GACHALA,base.state_co_11
res_country_municipality_489,295,GACHANCIPA,base.state_co_11
res_country_municipality_490,297,GACHETA,base.state_co_11
res_country_municipality_491,299,GAMA,base.state_co_11
res_country_municipality_492,307,GIRARDOT,base.state_co_11
res_country_municipality_493,312,GRANADA,base.state_co_11
res_country_municipality_494,317,GUACHETA,base.state_co_11
res_country_municipality_495,320,GUADUAS,base.state_co_11
res_country_municipality_496,322,GUASCA,base.state_co_11
res_country_municipality_497,324,GUATAQUI,base.state_co_11
res_country_municipality_498,326,GUATAVITA,base.state_co_11
res_country_municipality_499,328,GUAYABAL DE SIQUIMA,base.state_co_11
res_country_municipality_500,335,GUAYABETAL,base.state_co_11
res_country_municipality_501,339,GUTIERREZ,base.state_co_11
res_country_municipality_502,368,JERUSALEN,base.state_co_11
res_country_municipality_503,372,JUNIN,base.state_co_11
res_country_municipality_504,377,LA CALERA,base.state_co_11
res_country_municipality_505,386,LA MESA,base.state_co_11
res_country_municipality_506,394,LA PALMA,base.state_co_11
res_country_municipality_507,398,LA PEÑA,base.state_co_11
res_country_municipality_508,402,LA VEGA,base.state_co_11
res_country_municipality_509,407,LENGUAZAQUE,base.state_co_11
res_country_municipality_510,426,MACHETA,base.state_co_11
res_country_municipality_511,430,MADRID,base.state_co_11
res_country_municipality_512,436,MANTA,base.state_co_11
res_country_municipality_513,438,MEDINA,base.state_co_11
res_country_municipality_514,473,MOSQUERA,base.state_co_11
res_country_municipality_515,483,NARIÑO,base.state_co_11
res_country_municipality_516,486,NEMOCON,base.state_co_11
res_country_municipality_517,488,NILO,base.state_co_11
res_country_municipality_518,489,NIMAIMA,base.state_co_11
res_country_municipality_519,491,NOCAIMA,base.state_co_11
res_country_municipality_520,506,VENECIA,base.state_co_11
res_country_municipality_521,513,PACHO,base.state_co_11
res_country_municipality_522,518,PAIME,base.state_co_11
res_country_municipality_523,524,PANDI,base.state_co_11
res_country_municipality_524,530,PARATEBUENO,base.state_co_11
res_country_municipality_525,535,PASCA,base.state_co_11
res_country_municipality_526,572,PUERTO SALGAR,base.state_co_11
res_country_municipality_527,580,PULI,base.state_co_11
res_country_municipality_528,592,QUEBRADANEGRA,base.state_co_11
res_country_municipality_529,594,QUETAME,base.state_co_11
res_country_municipality_530,596,QUIPILE,base.state_co_11
res_country_municipality_531,599,APULO,base.state_co_11
res_country_municipality_532,612,RICAURTE,base.state_co_11
res_country_municipality_533,645,SAN ANTONIO DEL TEQUENDAMA,base.state_co_11
res_country_municipality_534,649,SAN BERNARDO,base.state_co_11
res_country_municipality_535,653,SAN CAYETANO,base.state_co_11
res_country_municipality_536,658,SAN FRANCISCO,base.state_co_11
res_country_municipality_537,662,SAN JUAN DE RIO SECO,base.state_co_11
res_country_municipality_538,718,SASAIMA,base.state_co_11
res_country_municipality_539,736,SESQUILE,base.state_co_11
res_country_municipality_540,740,SIBATE,base.state_co_11
res_country_municipality_541,743,SILVANIA,base.state_co_11
res_country_municipality_542,745,SIMIJACA,base.state_co_11
res_country_municipality_543,754,SOACHA,base.state_co_11
res_country_municipality_544,758,SOPO,base.state_co_11
res_country_municipality_545,769,SUBACHOQUE,base.state_co_11
res_country_municipality_546,772,SUESCA,base.state_co_11
res_country_municipality_547,777,SUPATA,base.state_co_11
res_country_municipality_548,779,SUSA,base.state_co_11
res_country_municipality_549,781,SUTATAUSA,base.state_co_11
res_country_municipality_550,785,TABIO,base.state_co_11
res_country_municipality_551,793,TAUSA,base.state_co_11
res_country_municipality_552,797,TENA,base.state_co_11
res_country_municipality_553,799,TENJO,base.state_co_11
res_country_municipality_554,805,TIBACUY,base.state_co_11
res_country_municipality_555,807,TIBIRITA,base.state_co_11
res_country_municipality_556,815,TOCAIMA,base.state_co_11
res_country_municipality_557,817,TOCANCIPA,base.state_co_11
res_country_municipality_558,823,TOPAIPI,base.state_co_11
res_country_municipality_559,839,UBALA,base.state_co_11
res_country_municipality_560,841,UBAQUE,base.state_co_11
res_country_municipality_561,843,VILLA DE SAN DIEGO DE UBATE,base.state_co_11
res_country_municipality_562,845,UNE,base.state_co_11
res_country_municipality_563,851,UTICA,base.state_co_11
res_country_municipality_564,862,VERGARA,base.state_co_11
res_country_municipality_565,867,VIANI,base.state_co_11
res_country_municipality_566,871,VILLAGOMEZ,base.state_co_11
res_country_municipality_567,873,VILLAPINZON,base.state_co_11
res_country_municipality_568,875,VILLETA,base.state_co_11
res_country_municipality_569,878,VIOTA,base.state_co_11
res_country_municipality_570,885,YACOPI,base.state_co_11
res_country_municipality_571,898,ZIPACON,base.state_co_11
res_country_municipality_572,899,ZIPAQUIRA,base.state_co_11
res_country_municipality_573,001,QUIBDO,base.state_co_12
res_country_municipality_574,006,ACANDI,base.state_co_12
res_country_municipality_575,025,ALTO BAUDO,base.state_co_12
res_country_municipality_576,050,ATRATO,base.state_co_12
res_country_municipality_577,073,BAGADO,base.state_co_12
res_country_municipality_578,075,BAHIA SOLANO,base.state_co_12
res_country_municipality_579,077,BAJO BAUDO,base.state_co_12
res_country_municipality_580,099,BOJAYA,base.state_co_12
res_country_municipality_581,135,EL CANTON DEL SAN PABLO,base.state_co_12
res_country_municipality_582,150,CARMEN DEL DARIEN,base.state_co_12
res_country_municipality_583,160,CERTEGUI,base.state_co_12
res_country_municipality_584,205,CONDOTO,base.state_co_12
res_country_municipality_585,245,EL CARMEN DE ATRATO,base.state_co_12
res_country_municipality_586,250,EL LITORAL DEL SAN JUAN,base.state_co_12
res_country_municipality_587,361,ISTMINA,base.state_co_12
res_country_municipality_588,372,JURADO,base.state_co_12
res_country_municipality_589,413,LLORO,base.state_co_12
res_country_municipality_590,425,MEDIO ATRATO,base.state_co_12
res_country_municipality_591,430,MEDIO BAUDO,base.state_co_12
res_country_municipality_592,450,MEDIO SAN JUAN,base.state_co_12
res_country_municipality_593,491,NOVITA,base.state_co_12
res_country_municipality_594,495,NUQUI,base.state_co_12
res_country_municipality_595,580,RIO IRO,base.state_co_12
res_country_municipality_596,600,RIO QUITO,base.state_co_12
res_country_municipality_597,615,RIOSUCIO,base.state_co_12
res_country_municipality_598,660,SAN JOSE DEL PALMAR,base.state_co_12
res_country_municipality_599,745,SIPI,base.state_co_12
res_country_municipality_600,787,TADO,base.state_co_12
res_country_municipality_601,800,UNGUIA,base.state_co_12
res_country_municipality_602,810,UNION PANAMERICANA,base.state_co_12
res_country_municipality_603,001,NEIVA,base.state_co_13
res_country_municipality_604,006,ACEVEDO,base.state_co_13
res_country_municipality_605,013,AGRADO,base.state_co_13
res_country_municipality_606,016,AIPE,base.state_co_13
res_country_municipality_607,020,ALGECIRAS,base.state_co_13
res_country_municipality_608,026,ALTAMIRA,base.state_co_13
res_country_municipality_609,078,BARAYA,base.state_co_13
res_country_municipality_610,132,CAMPOALEGRE,base.state_co_13
res_country_municipality_611,206,COLOMBIA,base.state_co_13
res_country_municipality_612,244,ELIAS,base.state_co_13
res_country_municipality_613,298,GARZON,base.state_co_13
res_country_municipality_614,306,GIGANTE,base.state_co_13
res_country_municipality_615,319,GUADALUPE,base.state_co_13
res_country_municipality_616,349,HOBO,base.state_co_13
res_country_municipality_617,357,IQUIRA,base.state_co_13
res_country_municipality_618,359,ISNOS,base.state_co_13
res_country_municipality_619,378,LA ARGENTINA,base.state_co_13
res_country_municipality_620,396,LA PLATA,base.state_co_13
res_country_municipality_621,483,NATAGA,base.state_co_13
res_country_municipality_622,503,OPORAPA,base.state_co_13
res_country_municipality_623,518,PAICOL,base.state_co_13
res_country_municipality_624,524,PALERMO,base.state_co_13
res_country_municipality_625,530,PALESTINA,base.state_co_13
res_country_municipality_626,548,PITAL,base.state_co_13
res_country_municipality_627,551,PITALITO,base.state_co_13
res_country_municipality_628,615,RIVERA,base.state_co_13
res_country_municipality_629,660,SALADOBLANCO,base.state_co_13
res_country_municipality_630,668,SAN AGUSTIN,base.state_co_13
res_country_municipality_631,676,SANTA MARIA,base.state_co_13
res_country_municipality_632,770,SUAZA,base.state_co_13
res_country_municipality_633,791,TARQUI,base.state_co_13
res_country_municipality_634,797,TESALIA,base.state_co_13
res_country_municipality_635,799,TELLO,base.state_co_13
res_country_municipality_636,801,TERUEL,base.state_co_13
res_country_municipality_637,807,TIMANA,base.state_co_13
res_country_municipality_638,872,VILLAVIEJA,base.state_co_13
res_country_municipality_639,885,YAGUARA,base.state_co_13
res_country_municipality_640,001,RIOHACHA,base.state_co_14
res_country_municipality_641,035,ALBANIA,base.state_co_14
res_country_municipality_642,078,BARRANCAS,base.state_co_14
res_country_municipality_643,090,DIBULLA,base.state_co_14
res_country_municipality_644,098,DISTRACCION,base.state_co_14
res_country_municipality_645,110,EL MOLINO,base.state_co_14
res_country_municipality_646,279,FONSECA,base.state_co_14
res_country_municipality_647,378,HATONUEVO,base.state_co_14
res_country_municipality_648,420,LA JAGUA DEL PILAR,base.state_co_14
res_country_municipality_649,430,MAICAO,base.state_co_14
res_country_municipality_650,560,MANAURE,base.state_co_14
res_country_municipality_651,650,SAN JUAN DEL CESAR,base.state_co_14
res_country_municipality_652,847,URIBIA,base.state_co_14
res_country_municipality_653,855,URUMITA,base.state_co_14
res_country_municipality_654,874,VILLANUEVA,base.state_co_14
res_country_municipality_655,001,SANTA MARTA,base.state_co_15
res_country_municipality_656,030,ALGARROBO,base.state_co_15
res_country_municipality_657,053,ARACATACA,base.state_co_15
res_country_municipality_658,058,ARIGUANI,base.state_co_15
res_country_municipality_659,161,CERRO SAN ANTONIO,base.state_co_15
res_country_municipality_660,170,CHIBOLO,base.state_co_15
res_country_municipality_661,189,CIENAGA,base.state_co_15
res_country_municipality_662,205,CONCORDIA,base.state_co_15
res_country_municipality_663,245,EL BANCO,base.state_co_15
res_country_municipality_664,258,EL PIÑON,base.state_co_15
res_country_municipality_665,268,EL RETEN,base.state_co_15
res_country_municipality_666,288,FUNDACION,base.state_co_15
res_country_municipality_667,318,GUAMAL,base.state_co_15
res_country_municipality_668,460,NUEVA GRANADA,base.state_co_15
res_country_municipality_669,541,PEDRAZA,base.state_co_15
res_country_municipality_670,545,PIJIÑO DEL CARMEN,base.state_co_15
res_country_municipality_671,551,PIVIJAY,base.state_co_15
res_country_municipality_672,555,PLATO,base.state_co_15
res_country_municipality_673,570,PUEBLOVIEJO,base.state_co_15
res_country_municipality_674,605,REMOLINO,base.state_co_15
res_country_municipality_675,660,SABANAS DE SAN ANGEL,base.state_co_15
res_country_municipality_676,675,SALAMINA,base.state_co_15
res_country_municipality_677,692,SAN SEBASTIAN DE BUENAVISTA,base.state_co_15
res_country_municipality_678,703,SAN ZENON,base.state_co_15
res_country_municipality_679,707,SANTA ANA,base.state_co_15
res_country_municipality_680,720,SANTA BARBARA DE PINTO,base.state_co_15
res_country_municipality_681,745,SITIONUEVO,base.state_co_15
res_country_municipality_682,798,TENERIFE,base.state_co_15
res_country_municipality_683,960,ZAPAYAN,base.state_co_15
res_country_municipality_684,980,ZONA BANANERA,base.state_co_15
res_country_municipality_685,001,VILLAVICENCIO,base.state_co_16
res_country_municipality_686,006,ACACIAS,base.state_co_16
res_country_municipality_687,110,BARRANCA DE UPIA,base.state_co_16
res_country_municipality_688,124,CABUYARO,base.state_co_16
res_country_municipality_689,150,CASTILLA LA NUEVA,base.state_co_16
res_country_municipality_690,223,CUBARRAL,base.state_co_16
res_country_municipality_691,226,CUMARAL,base.state_co_16
res_country_municipality_692,245,EL CALVARIO,base.state_co_16
res_country_municipality_693,251,EL CASTILLO,base.state_co_16
res_country_municipality_694,270,EL DORADO,base.state_co_16
res_country_municipality_695,287,FUENTE DE ORO,base.state_co_16
res_country_municipality_696,313,GRANADA,base.state_co_16
res_country_municipality_697,318,GUAMAL,base.state_co_16
res_country_municipality_698,325,MAPIRIPAN,base.state_co_16
res_country_municipality_699,330,MESETAS,base.state_co_16
res_country_municipality_700,350,LA MACARENA,base.state_co_16
res_country_municipality_701,370,URIBE,base.state_co_16
res_country_municipality_702,400,LEJANIAS,base.state_co_16
res_country_municipality_703,450,PUERTO CONCORDIA,base.state_co_16
res_country_municipality_704,568,PUERTO GAITAN,base.state_co_16
res_country_municipality_705,573,PUERTO LOPEZ,base.state_co_16
res_country_municipality_706,577,PUERTO LLERAS,base.state_co_16
res_country_municipality_707,590,PUERTO RICO,base.state_co_16
res_country_municipality_708,606,RESTREPO,base.state_co_16
res_country_municipality_709,680,SAN CARLOS DE GUAROA,base.state_co_16
res_country_municipality_710,683,SAN JUAN DE ARAMA,base.state_co_16
res_country_municipality_711,686,SAN JUANITO,base.state_co_16
res_country_municipality_712,689,SAN MARTIN,base.state_co_16
res_country_municipality_713,711,VISTAHERMOSA,base.state_co_16
res_country_municipality_714,001,PASTO,base.state_co_17
res_country_municipality_715,019,ALBAN,base.state_co_17
res_country_municipality_716,022,ALDANA,base.state_co_17
res_country_municipality_717,036,ANCUYA,base.state_co_17
res_country_municipality_718,051,ARBOLEDA,base.state_co_17
res_country_municipality_719,079,BARBACOAS,base.state_co_17
res_country_municipality_720,083,BELEN,base.state_co_17
res_country_municipality_721,110,BUESACO,base.state_co_17
res_country_municipality_722,203,COLON,base.state_co_17
res_country_municipality_723,207,CONSACA,base.state_co_17
res_country_municipality_724,210,CONTADERO,base.state_co_17
res_country_municipality_725,215,CORDOBA,base.state_co_17
res_country_municipality_726,224,CUASPUD,base.state_co_17
res_country_municipality_727,227,CUMBAL,base.state_co_17
res_country_municipality_728,233,CUMBITARA,base.state_co_17
res_country_municipality_729,240,CHACHAGsI,base.state_co_17
res_country_municipality_730,250,EL CHARCO,base.state_co_17
res_country_municipality_731,254,EL PEÑOL,base.state_co_17
res_country_municipality_732,256,EL ROSARIO,base.state_co_17
res_country_municipality_733,258,EL TABLON DE GOMEZ,base.state_co_17
res_country_municipality_734,260,EL TAMBO,base.state_co_17
res_country_municipality_735,287,FUNES,base.state_co_17
res_country_municipality_736,317,GUACHUCAL,base.state_co_17
res_country_municipality_737,320,GUAITARILLA,base.state_co_17
res_country_municipality_738,323,GUALMATAN,base.state_co_17
res_country_municipality_739,352,ILES,base.state_co_17
res_country_municipality_740,354,IMUES,base.state_co_17
res_country_municipality_741,356,IPIALES,base.state_co_17
res_country_municipality_742,378,LA CRUZ,base.state_co_17
res_country_municipality_743,381,LA FLORIDA,base.state_co_17
res_country_municipality_744,385,LA LLANADA,base.state_co_17
res_country_municipality_745,390,LA TOLA,base.state_co_17
res_country_municipality_746,399,LA UNION,base.state_co_17
res_country_municipality_747,405,LEIVA,base.state_co_17
res_country_municipality_748,411,LINARES,base.state_co_17
res_country_municipality_749,418,LOS ANDES,base.state_co_17
res_country_municipality_750,427,MAGsI,base.state_co_17
res_country_municipality_751,435,MALLAMA,base.state_co_17
res_country_municipality_752,473,MOSQUERA,base.state_co_17
res_country_municipality_753,480,NARIÑO,base.state_co_17
res_country_municipality_754,490,OLAYA HERRERA,base.state_co_17
res_country_municipality_755,506,OSPINA,base.state_co_17
res_country_municipality_756,520,FRANCISCO PIZARRO,base.state_co_17
res_country_municipality_757,540,POLICARPA,base.state_co_17
res_country_municipality_758,560,POTOSI,base.state_co_17
res_country_municipality_759,565,PROVIDENCIA,base.state_co_17
res_country_municipality_760,573,PUERRES,base.state_co_17
res_country_municipality_761,585,PUPIALES,base.state_co_17
res_country_municipality_762,612,RICAURTE,base.state_co_17
res_country_municipality_763,621,ROBERTO PAYAN,base.state_co_17
res_country_municipality_764,678,SAMANIEGO,base.state_co_17
res_country_municipality_765,683,SANDONA,base.state_co_17
res_country_municipality_766,685,SAN BERNARDO,base.state_co_17
res_country_municipality_767,687,SAN LORENZO,base.state_co_17
res_country_municipality_768,693,SAN PABLO,base.state_co_17
res_country_municipality_769,694,SAN PEDRO DE CARTAGO,base.state_co_17
res_country_municipality_770,696,SANTA BARBARA,base.state_co_17
res_country_municipality_771,699,SANTACRUZ,base.state_co_17
res_country_municipality_772,720,SAPUYES,base.state_co_17
res_country_municipality_773,786,TAMINANGO,base.state_co_17
res_country_municipality_774,788,TANGUA,base.state_co_17
res_country_municipality_775,835,SAN ANDRES DE TUMACO,base.state_co_17
res_country_municipality_776,838,TUQUERRES,base.state_co_17
res_country_municipality_777,885,YACUANQUER,base.state_co_17
res_country_municipality_778,001,CUCUTA,base.state_co_18
res_country_municipality_779,003,ABREGO,base.state_co_18
res_country_municipality_780,051,ARBOLEDAS,base.state_co_18
res_country_municipality_781,099,BOCHALEMA,base.state_co_18
res_country_municipality_782,109,BUCARASICA,base.state_co_18
res_country_municipality_783,125,CACOTA,base.state_co_18
res_country_municipality_784,128,CACHIRA,base.state_co_18
res_country_municipality_785,172,CHINACOTA,base.state_co_18
res_country_municipality_786,174,CHITAGA,base.state_co_18
res_country_municipality_787,206,CONVENCION,base.state_co_18
res_country_municipality_788,223,CUCUTILLA,base.state_co_18
res_country_municipality_789,239,DURANIA,base.state_co_18
res_country_municipality_790,245,EL CARMEN,base.state_co_18
res_country_municipality_791,250,EL TARRA,base.state_co_18
res_country_municipality_792,261,EL ZULIA,base.state_co_18
res_country_municipality_793,313,GRAMALOTE,base.state_co_18
res_country_municipality_794,344,HACARI,base.state_co_18
res_country_municipality_795,347,HERRAN,base.state_co_18
res_country_municipality_796,377,LABATECA,base.state_co_18
res_country_municipality_797,385,LA ESPERANZA,base.state_co_18
res_country_municipality_798,398,LA PLAYA,base.state_co_18
res_country_municipality_799,405,LOS PATIOS,base.state_co_18
res_country_municipality_800,418,LOURDES,base.state_co_18
res_country_municipality_801,480,MUTISCUA,base.state_co_18
res_country_municipality_802,498,OCAÑA,base.state_co_18
res_country_municipality_803,518,PAMPLONA,base.state_co_18
res_country_municipality_804,520,PAMPLONITA,base.state_co_18
res_country_municipality_805,553,PUERTO SANTANDER,base.state_co_18
res_country_municipality_806,599,RAGONVALIA,base.state_co_18
res_country_municipality_807,660,SALAZAR,base.state_co_18
res_country_municipality_808,670,SAN CALIXTO,base.state_co_18
res_country_municipality_809,673,SAN CAYETANO,base.state_co_18
res_country_municipality_810,680,SANTIAGO,base.state_co_18
res_country_municipality_811,720,SARDINATA,base.state_co_18
res_country_municipality_812,743,SILOS,base.state_co_18
res_country_municipality_813,800,TEORAMA,base.state_co_18
res_country_municipality_814,810,TIBU,base.state_co_18
res_country_municipality_815,820,TOLEDO,base.state_co_18
res_country_municipality_816,871,VILLA CARO,base.state_co_18
res_country_municipality_817,874,VILLA DEL ROSARIO,base.state_co_18
res_country_municipality_818,001,ARMENIA,base.state_co_19
res_country_municipality_819,111,BUENAVISTA,base.state_co_19
res_country_municipality_820,130,CALARCA,base.state_co_19
res_country_municipality_821,190,CIRCASIA,base.state_co_19
res_country_municipality_822,212,CORDOBA,base.state_co_19
res_country_municipality_823,272,FILANDIA,base.state_co_19
res_country_municipality_824,302,GENOVA,base.state_co_19
res_country_municipality_825,401,LA TEBAIDA,base.state_co_19
res_country_municipality_826,470,MONTENEGRO,base.state_co_19
res_country_municipality_827,548,PIJAO,base.state_co_19
res_country_municipality_828,594,QUIMBAYA,base.state_co_19
res_country_municipality_829,690,SALENTO,base.state_co_19
res_country_municipality_830,001,PEREIRA,base.state_co_20
res_country_municipality_831,045,APIA,base.state_co_20
res_country_municipality_832,075,BALBOA,base.state_co_20
res_country_municipality_833,088,BELEN DE UMBRIA,base.state_co_20
res_country_municipality_834,170,DOSQUEBRADAS,base.state_co_20
res_country_municipality_835,318,GUATICA,base.state_co_20
res_country_municipality_836,383,LA CELIA,base.state_co_20
res_country_municipality_837,400,LA VIRGINIA,base.state_co_20
res_country_municipality_838,440,MARSELLA,base.state_co_20
res_country_municipality_839,456,MISTRATO,base.state_co_20
res_country_municipality_840,572,PUEBLO RICO,base.state_co_20
res_country_municipality_841,594,QUINCHIA,base.state_co_20
res_country_municipality_842,682,SANTA ROSA DE CABAL,base.state_co_20
res_country_municipality_843,687,SANTUARIO,base.state_co_20
res_country_municipality_844,001,BUCARAMANGA,base.state_co_21
res_country_municipality_845,013,AGUADA,base.state_co_21
res_country_municipality_846,020,ALBANIA,base.state_co_21
res_country_municipality_847,051,ARATOCA,base.state_co_21
res_country_municipality_848,077,BARBOSA,base.state_co_21
res_country_municipality_849,079,BARICHARA,base.state_co_21
res_country_municipality_850,081,BARRANCABERMEJA,base.state_co_21
res_country_municipality_851,092,BETULIA,base.state_co_21
res_country_municipality_852,101,BOLIVAR,base.state_co_21
res_country_municipality_853,121,CABRERA,base.state_co_21
res_country_municipality_854,132,CALIFORNIA,base.state_co_21
res_country_municipality_855,147,CAPITANEJO,base.state_co_21
res_country_municipality_856,152,CARCASI,base.state_co_21
res_country_municipality_857,160,CEPITA,base.state_co_21
res_country_municipality_858,162,CERRITO,base.state_co_21
res_country_municipality_859,167,CHARALA,base.state_co_21
res_country_municipality_860,169,CHARTA,base.state_co_21
res_country_municipality_861,176,CHIMA,base.state_co_21
res_country_municipality_862,179,CHIPATA,base.state_co_21
res_country_municipality_863,190,CIMITARRA,base.state_co_21
res_country_municipality_864,207,CONCEPCION,base.state_co_21
res_country_municipality_865,209,CONFINES,base.state_co_21
res_country_municipality_866,211,CONTRATACION,base.state_co_21
res_country_municipality_867,217,COROMORO,base.state_co_21
res_country_municipality_868,229,CURITI,base.state_co_21
res_country_municipality_869,235,EL CARMEN DE CHUCURI,base.state_co_21
res_country_municipality_870,245,EL GUACAMAYO,base.state_co_21
res_country_municipality_871,250,EL PEÑON,base.state_co_21
res_country_municipality_872,255,EL PLAYON,base.state_co_21
res_country_municipality_873,264,ENCINO,base.state_co_21
res_country_municipality_874,266,ENCISO,base.state_co_21
res_country_municipality_875,271,FLORIAN,base.state_co_21
res_country_municipality_876,276,FLORIDABLANCA,base.state_co_21
res_country_municipality_877,296,GALAN,base.state_co_21
res_country_municipality_878,298,GAMBITA,base.state_co_21
res_country_municipality_879,307,GIRON,base.state_co_21
res_country_municipality_880,318,GUACA,base.state_co_21
res_country_municipality_881,320,GUADALUPE,base.state_co_21
res_country_municipality_882,322,GUAPOTA,base.state_co_21
res_country_municipality_883,324,GUAVATA,base.state_co_21
res_country_municipality_884,327,GsEPSA,base.state_co_21
res_country_municipality_885,344,HATO,base.state_co_21
res_country_municipality_886,368,JESUS MARIA,base.state_co_21
res_country_municipality_887,370,JORDAN,base.state_co_21
res_country_municipality_888,377,LA BELLEZA,base.state_co_21
res_country_municipality_889,385,LANDAZURI,base.state_co_21
res_country_municipality_890,397,LA PAZ,base.state_co_21
res_country_municipality_891,406,LEBRIJA,base.state_co_21
res_country_municipality_892,418,LOS SANTOS,base.state_co_21
res_country_municipality_893,425,MACARAVITA,base.state_co_21
res_country_municipality_894,432,MALAGA,base.state_co_21
res_country_municipality_895,444,MATANZA,base.state_co_21
res_country_municipality_896,464,MOGOTES,base.state_co_21
res_country_municipality_897,468,MOLAGAVITA,base.state_co_21
res_country_municipality_898,498,OCAMONTE,base.state_co_21
res_country_municipality_899,500,OIBA,base.state_co_21
res_country_municipality_900,502,ONZAGA,base.state_co_21
res_country_municipality_901,522,PALMAR,base.state_co_21
res_country_municipality_902,524,PALMAS DEL SOCORRO,base.state_co_21
res_country_municipality_903,533,PARAMO,base.state_co_21
res_country_municipality_904,547,PIEDECUESTA,base.state_co_21
res_country_municipality_905,549,PINCHOTE,base.state_co_21
res_country_municipality_906,572,PUENTE NACIONAL,base.state_co_21
res_country_municipality_907,573,PUERTO PARRA,base.state_co_21
res_country_municipality_908,575,PUERTO WILCHES,base.state_co_21
res_country_municipality_909,615,RIONEGRO,base.state_co_21
res_country_municipality_910,655,SABANA DE TORRES,base.state_co_21
res_country_municipality_911,669,SAN ANDRES,base.state_co_21
res_country_municipality_912,673,SAN BENITO,base.state_co_21
res_country_municipality_913,679,SAN GIL,base.state_co_21
res_country_municipality_914,682,SAN JOAQUIN,base.state_co_21
res_country_municipality_915,684,SAN JOSE DE MIRANDA,base.state_co_21
res_country_municipality_916,686,SAN MIGUEL,base.state_co_21
res_country_municipality_917,689,SAN VICENTE DE CHUCURI,base.state_co_21
res_country_municipality_918,705,SANTA BARBARA,base.state_co_21
res_country_municipality_919,720,SANTA HELENA DEL OPON,base.state_co_21
res_country_municipality_920,745,SIMACOTA,base.state_co_21
res_country_municipality_921,755,SOCORRO,base.state_co_21
res_country_municipality_922,770,SUAITA,base.state_co_21
res_country_municipality_923,773,SUCRE,base.state_co_21
res_country_municipality_924,780,SURATA,base.state_co_21
res_country_municipality_925,820,TONA,base.state_co_21
res_country_municipality_926,855,VALLE DE SAN JOSE,base.state_co_21
res_country_municipality_927,861,VELEZ,base.state_co_21
res_country_municipality_928,867,VETAS,base.state_co_21
res_country_municipality_929,872,VILLANUEVA,base.state_co_21
res_country_municipality_930,895,ZAPATOCA,base.state_co_21
res_country_municipality_931,001,SINCELEJO,base.state_co_22
res_country_municipality_932,110,BUENAVISTA,base.state_co_22
res_country_municipality_933,124,CAIMITO,base.state_co_22
res_country_municipality_934,204,COLOSO,base.state_co_22
res_country_municipality_935,215,COROZAL,base.state_co_22
res_country_municipality_936,221,COVEÑAS,base.state_co_22
res_country_municipality_937,230,CHALAN,base.state_co_22
res_country_municipality_938,233,EL ROBLE,base.state_co_22
res_country_municipality_939,235,GALERAS,base.state_co_22
res_country_municipality_940,265,GUARANDA,base.state_co_22
res_country_municipality_941,400,LA UNION,base.state_co_22
res_country_municipality_942,418,LOS PALMITOS,base.state_co_22
res_country_municipality_943,429,MAJAGUAL,base.state_co_22
res_country_municipality_944,473,MORROA,base.state_co_22
res_country_municipality_945,508,OVEJAS,base.state_co_22
res_country_municipality_946,523,PALMITO,base.state_co_22
res_country_municipality_947,670,SAMPUES,base.state_co_22
res_country_municipality_948,678,SAN BENITO ABAD,base.state_co_22
res_country_municipality_949,702,SAN JUAN DE BETULIA,base.state_co_22
res_country_municipality_950,708,SAN MARCOS,base.state_co_22
res_country_municipality_951,713,SAN ONOFRE,base.state_co_22
res_country_municipality_952,717,SAN PEDRO,base.state_co_22
res_country_municipality_953,742,SAN LUIS DE SINCE,base.state_co_22
res_country_municipality_954,771,SUCRE,base.state_co_22
res_country_municipality_955,820,SANTIAGO DE TOLU,base.state_co_22
res_country_municipality_956,823,TOLU VIEJO,base.state_co_22
res_country_municipality_957,001,IBAGUE,base.state_co_23
res_country_municipality_958,024,ALPUJARRA,base.state_co_23
res_country_municipality_959,026,ALVARADO,base.state_co_23
res_country_municipality_960,030,AMBALEMA,base.state_co_23
res_country_municipality_961,043,ANZOATEGUI,base.state_co_23
res_country_municipality_962,055,ARMERO,base.state_co_23
res_country_municipality_963,067,ATACO,base.state_co_23
res_country_municipality_964,124,CAJAMARCA,base.state_co_23
res_country_municipality_965,148,CARMEN DE APICALA,base.state_co_23
res_country_municipality_966,152,CASABIANCA,base.state_co_23
res_country_municipality_967,168,CHAPARRAL,base.state_co_23
res_country_municipality_968,200,COELLO,base.state_co_23
res_country_municipality_969,217,COYAIMA,base.state_co_23
res_country_municipality_970,226,CUNDAY,base.state_co_23
res_country_municipality_971,236,DOLORES,base.state_co_23
res_country_municipality_972,268,ESPINAL,base.state_co_23
res_country_municipality_973,270,FALAN,base.state_co_23
res_country_municipality_974,275,FLANDES,base.state_co_23
res_country_municipality_975,283,FRESNO,base.state_co_23
res_country_municipality_976,319,GUAMO,base.state_co_23
res_country_municipality_977,347,HERVEO,base.state_co_23
res_country_municipality_978,349,HONDA,base.state_co_23
res_country_municipality_979,352,ICONONZO,base.state_co_23
res_country_municipality_980,408,LERIDA,base.state_co_23
res_country_municipality_981,411,LIBANO,base.state_co_23
res_country_municipality_982,443,MARIQUITA,base.state_co_23
res_country_municipality_983,449,MELGAR,base.state_co_23
res_country_municipality_984,461,MURILLO,base.state_co_23
res_country_municipality_985,483,NATAGAIMA,base.state_co_23
res_country_municipality_986,504,ORTEGA,base.state_co_23
res_country_municipality_987,520,PALOCABILDO,base.state_co_23
res_country_municipality_988,547,PIEDRAS,base.state_co_23
res_country_municipality_989,555,PLANADAS,base.state_co_23
res_country_municipality_990,563,PRADO,base.state_co_23
res_country_municipality_991,585,PURIFICACION,base.state_co_23
res_country_municipality_992,616,RIOBLANCO,base.state_co_23
res_country_municipality_993,622,RONCESVALLES,base.state_co_23
res_country_municipality_994,624,ROVIRA,base.state_co_23
res_country_municipality_995,671,SALDAÑA,base.state_co_23
res_country_municipality_996,675,SAN ANTONIO,base.state_co_23
res_country_municipality_997,678,SAN LUIS,base.state_co_23
res_country_municipality_998,686,SANTA ISABEL,base.state_co_23
res_country_municipality_999,770,SUAREZ,base.state_co_23
res_country_municipality_1000,854,VALLE DE SAN JUAN,base.state_co_23
res_country_municipality_1001,861,VENADILLO,base.state_co_23
res_country_municipality_1002,870,VILLAHERMOSA,base.state_co_23
res_country_municipality_1003,873,VILLARRICA,base.state_co_23
res_country_municipality_1004,001,CALI,base.state_co_24
res_country_municipality_1005,020,ALCALA,base.state_co_24
res_country_municipality_1006,036,ANDALUCIA,base.state_co_24
res_country_municipality_1007,041,ANSERMANUEVO,base.state_co_24
res_country_municipality_1008,054,ARGELIA,base.state_co_24
res_country_municipality_1009,100,BOLIVAR,base.state_co_24
res_country_municipality_1010,109,BUENAVENTURA,base.state_co_24
res_country_municipality_1011,111,GUADALAJARA DE BUGA,base.state_co_24
res_country_municipality_1012,113,BUGALAGRANDE,base.state_co_24
res_country_municipality_1013,122,CAICEDONIA,base.state_co_24
res_country_municipality_1014,126,CALIMA,base.state_co_24
res_country_municipality_1015,130,CANDELARIA,base.state_co_24
res_country_municipality_1016,147,CARTAGO,base.state_co_24
res_country_municipality_1017,233,DAGUA,base.state_co_24
res_country_municipality_1018,243,EL AGUILA,base.state_co_24
res_country_municipality_1019,246,EL CAIRO,base.state_co_24
res_country_municipality_1020,248,EL CERRITO,base.state_co_24
res_country_municipality_1021,250,EL DOVIO,base.state_co_24
res_country_municipality_1022,275,FLORIDA,base.state_co_24
res_country_municipality_1023,306,GINEBRA,base.state_co_24
res_country_municipality_1024,318,GUACARI,base.state_co_24
res_country_municipality_1025,364,JAMUNDI,base.state_co_24
res_country_municipality_1026,377,LA CUMBRE,base.state_co_24
res_country_municipality_1027,400,LA UNION,base.state_co_24
res_country_municipality_1028,403,LA VICTORIA,base.state_co_24
res_country_municipality_1029,497,OBANDO,base.state_co_24
res_country_municipality_1030,520,PALMIRA,base.state_co_24
res_country_municipality_1031,563,PRADERA,base.state_co_24
res_country_municipality_1032,606,RESTREPO,base.state_co_24
res_country_municipality_1033,616,RIOFRIO,base.state_co_24
res_country_municipality_1034,622,ROLDANILLO,base.state_co_24
res_country_municipality_1035,670,SAN PEDRO,base.state_co_24
res_country_municipality_1036,736,SEVILLA,base.state_co_24
res_country_municipality_1037,823,TORO,base.state_co_24
res_country_municipality_1038,828,TRUJILLO,base.state_co_24
res_country_municipality_1039,834,TULUA,base.state_co_24
res_country_municipality_1040,845,ULLOA,base.state_co_24
res_country_municipality_1041,863,VERSALLES,base.state_co_24
res_country_municipality_1042,869,VIJES,base.state_co_24
res_country_municipality_1043,890,YOTOCO,base.state_co_24
res_country_municipality_1044,892,YUMBO,base.state_co_24
res_country_municipality_1045,895,ZARZAL,base.state_co_24
res_country_municipality_1046,001,ARAUCA,base.state_co_25
res_country_municipality_1047,065,ARAUQUITA,base.state_co_25
res_country_municipality_1048,220,CRAVO NORTE,base.state_co_25
res_country_municipality_1049,300,FORTUL,base.state_co_25
res_country_municipality_1050,591,PUERTO RONDON,base.state_co_25
res_country_municipality_1051,736,SARAVENA,base.state_co_25
res_country_municipality_1052,794,TAME,base.state_co_25
res_country_municipality_1053,001,YOPAL,base.state_co_26
res_country_municipality_1054,010,AGUAZUL,base.state_co_26
res_country_municipality_1055,015,CHAMEZA,base.state_co_26
res_country_municipality_1056,125,HATO COROZAL,base.state_co_26
res_country_municipality_1057,136,LA SALINA,base.state_co_26
res_country_municipality_1058,139,MANI,base.state_co_26
res_country_municipality_1059,162,MONTERREY,base.state_co_26
res_country_municipality_1060,225,NUNCHIA,base.state_co_26
res_country_municipality_1061,230,OROCUE,base.state_co_26
res_country_municipality_1062,250,PAZ DE ARIPORO,base.state_co_26
res_country_municipality_1063,263,PORE,base.state_co_26
res_country_municipality_1064,279,RECETOR,base.state_co_26
res_country_municipality_1065,300,SABANALARGA,base.state_co_26
res_country_municipality_1066,315,SACAMA,base.state_co_26
res_country_municipality_1067,325,SAN LUIS DE PALENQUE,base.state_co_26
res_country_municipality_1068,400,TAMARA,base.state_co_26
res_country_municipality_1069,410,TAURAMENA,base.state_co_26
res_country_municipality_1070,430,TRINIDAD,base.state_co_26
res_country_municipality_1071,440,VILLANUEVA,base.state_co_26
res_country_municipality_1072,001,MOCOA,base.state_co_27
res_country_municipality_1073,219,COLON,base.state_co_27
res_country_municipality_1074,320,ORITO,base.state_co_27
res_country_municipality_1075,568,PUERTO ASIS,base.state_co_27
res_country_municipality_1076,569,PUERTO CAICEDO,base.state_co_27
res_country_municipality_1077,571,PUERTO GUZMAN,base.state_co_27
res_country_municipality_1078,573,LEGUIZAMO,base.state_co_27
res_country_municipality_1079,749,SIBUNDOY,base.state_co_27
res_country_municipality_1080,755,SAN FRANCISCO,base.state_co_27
res_country_municipality_1081,757,SAN MIGUEL,base.state_co_27
res_country_municipality_1082,760,SANTIAGO,base.state_co_27
res_country_municipality_1083,865,VALLE DEL GUAMUEZ,base.state_co_27
res_country_municipality_1084,885,VILLAGARZON,base.state_co_27
res_country_municipality_1085,001,SAN ANDRES,base.state_co_28
res_country_municipality_1086,564,PROVIDENCIA,base.state_co_28
res_country_municipality_1087,001,LETICIA,base.state_co_29
res_country_municipality_1088,263,EL ENCANTO,base.state_co_29
res_country_municipality_1089,405,LA CHORRERA,base.state_co_29
res_country_municipality_1090,407,LA PEDRERA,base.state_co_29
res_country_municipality_1091,,LA VICTORIA,base.state_co_29
res_country_municipality_1092,460,MIRITI - PARANA,base.state_co_29
res_country_municipality_1093,530,PUERTO ALEGRIA,base.state_co_29
res_country_municipality_1094,536,PUERTO ARICA,base.state_co_29
res_country_municipality_1095,540,PUERTO NARIÑO,base.state_co_29
res_country_municipality_1096,669,PUERTO SANTANDER,base.state_co_29
res_country_municipality_1097,798,TARAPACA,base.state_co_29
res_country_municipality_1098,001,INIRIDA,base.state_co_30
res_country_municipality_1099,343,BARRANCO MINAS,base.state_co_30
res_country_municipality_1100,,MAPIRIPANA,base.state_co_30
res_country_municipality_1101,883,SAN FELIPE,base.state_co_30
res_country_municipality_1102,884,PUERTO COLOMBIA,base.state_co_30
res_country_municipality_1103,885,LA GUADALUPE,base.state_co_30
res_country_municipality_1104,886,CACAHUAL,base.state_co_30
res_country_municipality_1105,,PANA PANA,base.state_co_30
res_country_municipality_1106,,MORICHAL,base.state_co_30
res_country_municipality_1107,001,SAN JOSE DEL GUAVIARE,base.state_co_31
res_country_municipality_1108,015,CALAMAR,base.state_co_31
res_country_municipality_1109,025,EL RETORNO,base.state_co_31
res_country_municipality_1110,200,MIRAFLORES,base.state_co_31
res_country_municipality_1111,001,MITU,base.state_co_32
res_country_municipality_1112,161,CARURU,base.state_co_32
res_country_municipality_1113,,PACOA,base.state_co_32
res_country_municipality_1114,666,TARAIRA,base.state_co_32
res_country_municipality_1115,777,PAPUNAUA,base.state_co_32
res_country_municipality_1116,889,YAVARATE,base.state_co_32
res_country_municipality_1117,001,PUERTO CARREÑO,base.state_co_33
res_country_municipality_1118,524,LA PRIMAVERA,base.state_co_33
res_country_municipality_1119,624,SANTA ROSALIA,base.state_co_33
res_country_municipality_1120,773,CUMARIBO,base.state_co_33
